<?xml version="1.0" encoding="UTF-8" standalone="yes"?>
<addon id="service.subtitles.ktuvit" name="Ktuvit.me" version="1.0.7" provider-name="PlexIL">
    <requires>
        <import addon="xbmc.python" version="3.0.0"/>
        <import addon="script.module.beautifulsoup4" version="4.6.2"/>
        <import addon="script.module.web-pdb" version="1.5.6"/>
        <import addon="script.module.requests" version="2.25.1"/>
        <import addon="script.module.pyaes" version="1.6.1"/>
        <import addon="script.module.guessit" version="3.5.0"/>
        <import addon="script.module.chardet" version="4.0.0"/>
    </requires>
    <extension point="xbmc.subtitle.module" library="service.py"/>
    <extension point="xbmc.addon.metadata">
        <summary lang="en_GB">Ktuvit.me</summary>
        <description lang="en_GB">Search and Download hebrew subtitles from Ktuvit.me</description>
		<news>
			v1.0.7 - Added ".he" to the subtitle filename
            v1.0.6 - Fixed search
			v1.0.5 - Fixed Movie\TV Show detection
			v1.0.4 - Better searching
			v1.0.3 - Fixed subtitle encoding errors, also added some code refactoring
			v1.0.2 - Fixed 'Force RTL Subtitle' issue with HTML tags in the start. Also added some refactoring
		</news>
        <source>https://github.com/PlexIL/service.subtitles.ktuvit</source>
        <forum></forum>
        <license>GPL-2.0-only</license>
        <assets>
            <icon>icon.png</icon>
            <clearlogo>logo.png</clearlogo>
        </assets>
    </extension>
</addon>