<?xml version="1.0" encoding="UTF-8" standalone="yes"?>
<addon id="service.ktuvit-library"
    name="KtuvitLibrary" version="1.0.0" provider-name="PlexIL">
  <requires>
    <import addon="xbmc.python" version="3.0.0"/>
    <import addon="service.librarywatchdog" version="1.1.2"/>
    <import addon="script.module.beautifulsoup4" version="4.6.2"/>
    <import addon="script.module.requests" version="2.25.1"/>
	<import addon="script.module.web-pdb" version="1.5.6"/>
  </requires>
  <extension point="xbmc.service" library="default.py" />
  <extension point="xbmc.addon.metadata">
    <summary lang="en_GB">Ktuvit Library</summary>
    <description lang="en_GB">Ktuvit Library</description>
    <news>
      Ktuvit Library syncs latest movies
		v1.0.0 - Init
    </news>
    <platform>all</platform>
    <license>GPL-2.0-only</license>
    <source>https://github.com/PlexIL/plexil.github.io</source>
    <forum></forum>
    <assets>
      <icon>resources/media/srt_logo_256x256.png</icon>
      <fanart>resources/media/srt_fanart.jpg</fanart>
    </assets>
  </extension>
</addon>
