<?xml version="1.0" encoding="UTF-8" standalone="yes"?>
<addon id="service.ktuvit-library"
    name="KtuvitLibrary" version="1.0.6" provider-name="PlexIL">
  <requires>
    <import addon="xbmc.python" version="3.0.0"/>
    <import addon="service.librarywatchdog" version="1.1.2"/>
    <import addon="script.module.beautifulsoup4" version="4.6.2"/>
    <import addon="script.module.requests" version="2.25.1"/>
	<import addon="script.module.web-pdb" version="1.5.6"/>
  </requires>
  <extension point="xbmc.service" library="default.py" />
  <extension point="xbmc.addon.metadata">
    <summary lang="en_GB">Ktuvit Library</summary>
    <description lang="en_GB">Sync the latest subtitles added in Ktuvit</description>
    <news>
      Ktuvit Library syncs the latest movies
		v1.0.6 - Removed "overwrite added" settings, Reducing amount of TMDB queries, Don't scan if already in progress
		v1.0.5 - Stop searching if X items found in library,
				 better filtering, added settings to never clean elements
		v1.0.4 - Fixed bug
		v1.0.3 - Remove by diff, "remove all movies" setting,
                 Update library on scan complete, auto setup library watchdog,
                 fixed an issue that can cause infinite loop
		v1.0.2 - Fixed a bug in file removal
		v1.0.1 - Added settings - Filter by year, Maximum items, Polling interval
		v1.0.0 - Init
    </news>
    <platform>all</platform>
    <license>GPL-2.0-only</license>
    <source>https://github.com/PlexIL/plexil.github.io</source>
    <forum></forum>
    <assets>
      <icon>resources/media/srt_logo_256x256.png</icon>
      <fanart>resources/media/srt_fanart.jpg</fanart>
    </assets>
  </extension>
</addon>
