<?xml version="1.0" encoding="UTF-8" standalone="yes"?>
<addon id="repository.plexil" name="PlexIL Repository" version="1.0.1" provider-name="plexil">
    <extension point="xbmc.addon.repository" name="PlexIL Repository">
		<dir minversion="19.0.0">
			<info compressed="false">https://raw.githubusercontent.com/PlexIL/plexil.github.io/master/matrix/zips/addons.xml</info>
			<checksum>https://raw.githubusercontent.com/PlexIL/plexil.github.io/master/matrix/zips/addons.xml.md5</checksum>
			<datadir zip="true">https://raw.githubusercontent.com/PlexIL/plexil.github.io/master/matrix/zips/</datadir>
		</dir>
    </extension>
    <extension point="xbmc.addon.metadata">
        <summary>PlexIL Repository</summary>
        <description>PlexIL repo</description>
        <disclaimer></disclaimer>
        <platform>all</platform>
        <assets>
            <icon>icon.png</icon>
            <fanart>fanart.jpg</fanart>
        </assets>
    </extension>
</addon>