<?xml version="1.0" encoding="UTF-8" standalone="yes"?>
<addon id="script.module.ktuvit-utils"
       name="ktuvit-utils"
       version="1.0.0"
       provider-name="PlexIL">
  <requires>
    <import addon="xbmc.python" version="3.0.0"/>
    <import addon="script.module.beautifulsoup4" version="4.6.2"/>
    <import addon="script.module.requests" version="2.25.1"/>
    <import addon="script.module.pyaes" version="1.6.1"/>
    <import addon="script.module.guessit" version="3.5.0"/>
    <import addon="script.module.chardet" version="4.0.0"/>
  </requires>
  <extension point="xbmc.python.module"
             library="lib" />
  <extension point="xbmc.addon.metadata">
    <summary>Ktuvit Utils - Utility for downloading from Ktuvit.me</summary>
    <description>Utility for downloading from Ktuvit.me</description>
    <platform>all</platform>
    <language></language>
    <license>LGPL v3</license>
    <forum></forum>
    <website></website>
    <source>https://github.com/PlexIL/plexil.github.io</source>
    <email></email>
  </extension>
</addon>
